ADAL,ASHL,AVAL
ADAL,ASHL,AVBL
ADAL,AVBL,AVJR
ADAL,AVBL,RIML
ADAL,RIML,AVBR
AVJR,PVCL,AVBL
AVJR,RIFL,AVBL
AVBR,PVPL,PVCL
AVBR,RIFL,RIML
RIML,AVKR,SAADL
RIML,SMDVL,RIS
RIML,SAADR,AVKL
RIML,AVKL,RIS
RIML,RIS,RMDL
RIML,SAADL,AIBL
RIML,SMDDR,AIBL
RIML,RIFL,AVBL
RIML,AIBL,AVBL
RIML,AIBL,AIZL
RIPL,IL2VL,IL1VL
RIPL,IL2VL,URAVL
RIPL,IL2DL,URADL
RIPL,IL2DL,IL1DL
RIPL,URAVL,CEPVL
RIPL,URAVL,IL1VL
RIPL,IL1VL,CEPVL
AVAL,PVPL,AQR
AVAL,RIBL,DVC
AVAL,FLPL,ADEL
AVBL,AVJL,ADAR
AVBL,AVJL,PVCR
AVBL,AVJL,RIFR
AVBL,AVM,PVCL
AVBL,PVPL,PVCL
AVBL,PVPL,AQR
AVBL,AQR,PVCL
AVBL,ADAR,AIBL
AVBL,AIBL,ASHL
ASHL,AIAL,AIBL
ASHL,RIAL,ADFL
ADEL,FLPL,AVAR
ADEL,FLPL,AVDL
ADEL,RIGL,AVEL
AVEL,DVA,AUAL
AVEL,URXL,RIGL
AVEL,URXL,AUAL
AVEL,RIBL,RIGL
OLLL,AVER,RIBL
OLLL,RIBL,SMDVR
RIGL,RIBL,DVC
RIGL,AIZL,ADFL
ADFL,AWBL,AIZL
ADFL,SMBDL,AIZL
ADFL,RIR,AIZL
ADFL,RIR,RIAL
ADFL,AUAL,RIAL
ADFL,RIAL,AIZL
ADFL,SMBVL,AIZL
AIZL,RIH,RIAL
AIZL,AWAL,AWBL
AIZL,AWAL,AIYL
AIZL,AIYL,RIAL
AIZL,AIYL,AWBL
AIZL,ASEL,AIBL
AIZL,AIAL,AIBL
AIZL,RIR,RIAL
RIAL,URXL,AUAL
RIAL,RIH,RIBL
RIAL,RIBL,AIYL
AWBL,AWAL,AIYL
ADLL,ASEL,AIBL
ADLL,AIAL,AIBL
ADLL,AIBL,AWCL
AIBL,ASGL,AIAL
AIBL,ASGL,ASIL
AIBL,ASIL,AIAL
AIBL,ASIL,AWCR
AIBL,AWCR,AIAL
AIBL,ASKL,AIAL
AIAL,ASGL,AIML
AIAL,ASGL,ASIL
AIAL,PVQL,ASKL
AIAL,ASIL,AWCR
ASKL,ASJL,PVQL
SMDVR,URYVL,RIBL
RIBL,URYVL,AVER
AVER,URYDL,CEPDL
CEPVL,OLQVL,RICL
CEPVL,URAVL,IL1VL
CEPVL,IL1VL,RMDDL
PVCL,PVPL,AQR
CEPDL,URBL,RICR
CEPDL,URYDL,RMDVL
CEPDL,IL1DL,RMDVL
CEPDL,OLQDL,RICR
ALNL,SAAVL,SMBDR
RMGL,RMDR,RMDVL
AVKL,RMFL,PVT
RMDDL,URYVL,IL1VL
IL1VL,IL2VL,URAVL
URAVL,RMER,IL2VL
