ADAL,ADA
ADAR,ADA
ADEL,ADE
ADER,ADE
ADFL,ADF
ADFR,ADF
ADLL,ADL
ADLR,ADL
AFDL,AFD
AFDR,AFD
AIAL,AIA
AIAR,AIA
AIBL,AIB
AIBR,AIB
AIML,AIM
AIMR,AIM
AINL,AIN
AINR,AIN
AIYL,AIY
AIYR,AIY
AIZL,AIZ
AIZR,AIZ
ALA,ALA
ALML,ALM
ALMR,ALM
ALNL,ALN
ALNR,ALN
AQR,AQR
ASEL,ASE
ASER,ASE
ASGL,ASG
ASGR,ASG
ASHL,ASH
ASHR,ASH
ASIL,ASI
ASIR,ASI
ASJL,ASJ
ASJR,ASJ
ASKL,ASK
ASKR,ASK
AUAL,AUA
AUAR,AUA
AVAL,AVA
AVAR,AVA
AVBL,AVB
AVBR,AVB
AVDL,AVD
AVDR,AVD
AVEL,AVE
AVER,AVE
AVFL,AVF
AVFR,AVF
AVHL,AVH
AVHR,AVH
AVJL,AVJ
AVJR,AVJ
AVKL,AVK
AVKR,AVK
AVL,AVL
AVM,AVM
AWAL,AWA
AWAR,AWA
AWBL,AWB
AWBR,AWB
AWCL,AWC
AWCR,AWC
BAGL,BAG
BAGR,BAG
BDUL,BDU
BDUR,BDU
CEPDL,CEPD
CEPDR,CEPD
CEPVL,CEPV
CEPVR,CEPV
DVA,DVA
DVC,DVC
FLPL,FLP
FLPR,FLP
IL1DL,IL1D
IL1DR,IL1D
IL1L,IL1
IL1R,IL1
IL1VL,IL1V
IL1VR,IL1V
IL2DL,IL2D
IL2DR,IL2D
IL2L,IL2
IL2R,IL2
IL2VL,IL2V
IL2VR,IL2V
OLLL,OLL
OLLR,OLL
OLQDL,OLQD
OLQDR,OLQD
OLQVL,OLQV
OLQVR,OLQV
PLNL,PLN
PLNR,PLN
PVCL,PVC
PVCR,PVC
PVPL,PVP
PVPR,PVP
PVQL,PVQ
PVQR,PVQ
PVR,PVR
PVR.,PVR
PVT,PVT
RIAL,RIA
RIAR,RIA
RIBL,RIB
RIBR,RIB
RICL,RIC
RICR,RIC
RID,RID
RIFL,RIF
RIFR,RIF
RIGL,RIG
RIGR,RIG
RIH,RIH
RIML,RIM
RIMR,RIM
RIPL,RIP
RIPR,RIP
RIR,RIR
RIS,RIS
RIVL,RIV
RIVR,RIV
RMDDL,RMDD
RMDDR,RMDD
RMDL,RMD
RMDR,RMD
RMDVL,RMDV
RMDVR,RMDV
RMED,RMED
RMEL,RME
RMER,RME
RMEV,RMEV
RMFL,RMF
RMFR,RMF
RMGL,RMG
RMGR,RMG
RMHL,RMH
RMHR,RMH
SAADL,SAAD
SAADR,SAAD
SAAVL,SAAV
SAAVR,SAAV
SDQL,SDQ
SDQR,SDQ
SIADL,SIAD
SIADR,SIAD
SIAVL,SIAV
SIAVR,SIAV
SIBDL,SIBD
SIBDR,SIBD
SIBVL,SIBV
SIBVR,SIBV
SMBDL,SMBD
SMBDR,SMBD
SMBVL,SMBV
SMBVR,SMBV
SMDDL,SMDD
SMDDR,SMDD
SMDVL,SMDV
SMDVR,SMDV
URADL,URAD
URADR,URAD
URAVL,URAV
URAVR,URAV
URBL,URB
URBR,URB
URXL,URX
URXR,URX
URYDL,URYD
URYDR,URYD
URYVL,URYV
URYVR,URYV
