ADAL,IN3
ADAR,IN3
ADEL,SN3
ADER,SN3
ADFL,SN6
ADFR,SN6
ADLL,SN5
ADLR,SN5
AFDL,SN6
AFDR,SN6
AIAL,IN3
AIAR,IN3
AIBL,IN2
AIBR,IN2
AIML,IN4
AIMR,IN4
AINL,IN4
AINR,IN1
AIYL,IN3
AIYR,IN3
AIZL,IN3
AIZR,IN3
ALA,IN3
ALML,SN3
ALMR,SN3
ALNL,IN1
ALNR,IN1
AQR,SN4
ASEL,SN6
ASER,SN6
ASGL,SN6
ASGR,SN6
ASHL,SN5
ASHR,SN5
ASIL,SN6
ASIR,SN6
ASJL,SN6
ASJR,SN6
ASKL,SN6
ASKR,SN6
AUAL,IN3
AUAR,IN3
AVAL,IN1
AVAR,IN1
AVBL,IN1
AVBR,IN1
AVDL,IN2
AVDR,IN2
AVEL,IN1
AVER,IN1
AVFL,IN3
AVFR,IN3
AVHL,IN1
AVHR,IN3
AVJL,IN2
AVJR,IN2
AVKL,IN2
AVKR,IN2
AVL,IN2
AVM,SN3
AWAL,SN6
AWAR,SN6
AWBL,SN6
AWBR,SN6
AWCL,SN6
AWCR,SN6
BAGL,SN4
BAGR,SN4
BDUL,IN3
BDUR,IN3
CEPDL,SN1
CEPDR,SN1
CEPVL,SN1
CEPVR,SN1
DVA,IN1
DVC,IN2
FLPL,SN3
FLPR,SN3
IL1DL,SN1
IL1DR,SN1
IL1L,SN1
IL1R,SN1
IL1VL,SN1
IL1VR,SN1
IL2DL,SN1
IL2DR,SN1
IL2L,SN1
IL2R,SN1
IL2VL,SN1
IL2VR,SN1
OLLL,SN1
OLLR,SN1
OLQDL,SN1
OLQDR,SN1
OLQVL,SN1
OLQVR,SN1
PVCL,IN1
PVCR,IN1
PVPL,IN3
PVPR,IN3
PVQL,IN3
PVQR,IN3
PVR,IN3
PVR.,IN3
PVT,IN2
RIAL,IN2
RIAR,IN2
RIBL,IN2
RIBR,IN2
RICL,IN2
RICR,IN2
RID,IN1
RIFL,IN3
RIFR,IN3
RIGL,IN2
RIGR,IN2
RIH,IN4
RIML,IN1
RIMR,IN1
RIPL,IN1
RIPR,IN1
RIR,IN4
RIS,IN3
RIVL,HMN
RIVR,HMN
RMDDL,HMN
RMDDR,HMN
RMDL,HMN
RMDR,HMN
RMDVL,HMN
RMDVR,HMN
RMED,HMN
RMEL,HMN
RMER,HMN
RMEV,HMN
RMFL,IN1
RMFR,IN1
RMGL,IN1
RMGR,IN1
RMHL,HMN
RMHR,HMN
SAADL,IN2
SAADR,IN2
SAAVL,IN2
SAAVR,IN2
SDQL,IN1
SDQR,IN1
SIADL,SMN
SIADR,SMN
SIAVL,SMN
SIAVR,SMN
SIBDL,SMN
SIBDR,SMN
SIBVL,SMN
SIBVR,SMN
SMBDL,SMN
SMBDR,SMN
SMBVL,SMN
SMBVR,SMN
SMDDL,SMN
SMDDR,SMN
SMDVL,SMN
SMDVR,SMN
URADL,HMN
URADR,HMN
URAVL,HMN
URAVR,HMN
URBL,IN4
URBR,IN2
URXL,SN4
URXR,SN4
URYDL,SN1
URYDR,SN1
URYVL,SN1
URYVR,SN1
